username,fname,lname,email,password
gowthamg,Gowtham,G,gowthamg@gmail.com,a
jeevan,Jeeva Nantham,N,jeevan@gmail.com,bfa
jeevan,Velmurugan,N,vels@gmail.com,bfa
jeevan,Velmurugan,N,vels@gmail.com,bfa
jeevan,Velmurugan,N,vels@gmail.com,bfa
jeevan,Velmurugan,N,vels@gmail.com,bfa
jeevan,Velmurugan,N,vels@gmail.com,bfa
jeevan,Velmurugan,N,vels@gmail.com,bfa
jeevan,Velmurugan,N,vels@gmail.com,bfa
jeevan,Velmurugan,N,vels@gmail.com,bfa
jeevan,Velmurugan,N,vels@gmail.com,bfa
jeevan,Velmurugan,N,vels@gmail.com,bfa
jeevan,Velmurugan,N,vels@gmail.com,bfa
jeevan,Velmurugan,N,vels@gmail.com,bfa
jeevan,Velmurugan,N,vels@gmail.com,bfa
jeevan,Velmurugan,N,vels@gmail.com,bfa
jeevan,Velmurugan,N,vels@gmail.com,bfa
jeevan,Velmurugan,N,vels@gmail.com,bfa
jeevan,Velmurugan,N,vels@gmail.com,bfa
jeevan,Velmurugan,N,vels@gmail.com,bfa
jeevan,Velmurugan,N,vels@gmail.com,bfa
jeevan,Velmurugan,N,vels@gmail.com,bfa
jeevan,Velmurugan,N,vels@gmail.com,bfa
jeevan,Velmurugan,N,vels@gmail.com,bfa
jeevan,Velmurugan,N,vels@gmail.com,bfa
jeevan,Velmurugan,N,vels@gmail.com,bfa
jeevan,Velmurugan,N,vels@gmail.com,bfa
jeevan,Velmurugan,N,vels@gmail.com,bfa
jeevan,Velmurugan,N,vels@gmail.com,bfa
jeevan,Velmurugan,N,vels@gmail.com,bfa
jeevan,Velmurugan,N,vels@gmail.com,bfa
jeevan,Velmurugan,N,vels@gmail.com,bfa
jeevan,Velmurugan,N,vels@gmail.com,bfa
jeevan,Velmurugan,N,vels@gmail.com,bfa
jeevan,Velmurugan,N,vels@gmail.com,bfa
jeevan,Velmurugan,N,vels@gmail.com,bfa
jeevan,Velmurugan,N,vels@gmail.com,bfa
jeevan,Velmurugan,N,vels@gmail.com,bfa
jeevan,Velmurugan,N,vels@gmail.com,bfa
jeevan,Velmurugan,N,vels@gmail.com,bfa
jeevan,Velmurugan,N,vels@gmail.com,bfa
jeevan,Velmurugan,N,vels@gmail.com,bfa
jeevan,Velmurugan,N,vels@gmail.com,bfa
jeevan,Velmurugan,N,vels@gmail.com,bfa
jeevan,Velmurugan,N,vels@gmail.com,bfa
jeevan,Velmurugan,N,vels@gmail.com,bfa
jeevan,Velmurugan,N,vels@gmail.com,bfa
jeevan,Velmurugan,N,vels@gmail.com,bfa
jeevan,Velmurugan,N,vels@gmail.com,bfa
jeevan,Velmurugan,N,vels@gmail.com,bfa
jeevan,Velmurugan,N,vels@gmail.com,bfa
jeevan,Velmurugan,N,vels@gmail.com,bfa
jeevan,Velmurugan,N,vels@gmail.com,bfa
jeevan,Velmurugan,N,vels@gmail.com,bfa
jeevan,Velmurugan,N,vels@gmail.com,bfa
jeevan,Velmurugan,N,vels@gmail.com,bfa
jeevan,Velmurugan,N,vels@gmail.com,bfa
jeevan,Velmurugan,N,vels@gmail.com,bfa
jeevan,Velmurugan,N,vels@gmail.com,bfa
jeevan,Velmurugan,N,vels@gmail.com,bfa
jeevan,Velmurugan,N,vels@gmail.com,bfa
jeevan,Velmurugan,N,vels@gmail.com,bfa
jeevan,Velmurugan,N,vels@gmail.com,bfa
jeevan,Velmurugan,N,vels@gmail.com,bfa
jeevan,Velmurugan,N,vels@gmail.com,bfa
jeevan,Velmurugan,N,vels@gmail.com,bfa
jeevan,Velmurugan,N,vels@gmail.com,bfa
jeevan,Velmurugan,N,vels@gmail.com,bfa
jeevan,Velmurugan,N,vels@gmail.com,bfa
jeevan,Velmurugan,N,vels@gmail.com,bfa
jeevan,Velmurugan,N,vels@gmail.com,bfa
jeevan,Velmurugan,N,vels@gmail.com,bfa
jeevan,Velmurugan,N,vels@gmail.com,bfa
jeevan,Velmurugan,N,vels@gmail.com,bfa
jeevan,Velmurugan,N,vels@gmail.com,bfa
jeevan,Velmurugan,N,vels@gmail.com,bfa
jeevan,Velmurugan,N,vels@gmail.com,bfa
jeevan,Velmurugan,N,vels@gmail.com,bfa
jeevan,Velmurugan,N,vels@gmail.com,bfa
